x_label,Ridge,Elastic Net
"Fringe / Low-Opportunity Players
(R n=7, E n=7)",42.121848739495796,42.436974789915965
"High-Usage Primary Creators
(R n=111, E n=111)",54.67827626918537,50.59031877213695
"Low-Usage Interior Bigs
(R n=112, E n=112)",37.016978922716625,34.60187353629976
"Perimeter Wings & Connectors
(R n=162, E n=162)",30.325996677740864,33.84551495016611
"Scoring Bigs / Two-Way Forwards
(R n=168, E n=168)",46.71950240770466,49.55858747993579
