x_label,actual,predicted
Nikola Vucevic,0.1607142857142857,0.17322620489557705
Trae Young,0.3,0.2785075593737596
