x_label,actual,predicted
Nikola Vucevic,0.1607142857142857,0.17603760246899947
Trae Young,0.3,0.27882819636479295
