{
  "latent_dim": 24,
  "epochs_ran": 18,
  "normalizer": {
    "mean": [
      0.0015999999595806003,
      0.0007122154347598553,
      0.2611836791038513
    ],
    "std": [
      0.011121303774416447,
      0.006948328576982021,
      0.25885874032974243
    ]
  },
  "decoder_output": "linear",
  "validation_split": "player_aware_pid_mod_5"
}